employee_id,start_date,term_date,position
1735,12/7/2023,,Principle IT Agent
1566,8/23/2024,,Junior IT Agent
569,4/27/2021,,Junior IT Agent
320,7/28/2024,,IT Agent Manager
1842,2/10/2021,,IT Agent Manager
59,6/20/2021,,Senior IT Agent
1175,4/24/2022,,Junior IT Agent
561,4/25/2022,,IT Agent Manager
71,1/26/2024,,IT Agent Manager
1831,3/27/2020,,Senior IT Agent
1049,5/10/2023,,IT Agent Manager
1845,3/5/2024,,IT Agent Manager
1825,4/4/2021,,IT Agent Manager
468,3/25/2023,,Senior IT Agent
915,7/29/2024,,Junior IT Agent
422,6/7/2022,,Senior IT Agent
78,9/30/2021,,Principle IT Agent
1106,9/13/2021,,Principle IT Agent
1863,6/16/2020,,Senior IT Agent
1915,2/1/2024,,Senior IT Agent
140,8/24/2020,,Senior IT Agent
1207,3/24/2023,,Senior IT Agent
979,8/2/2020,,Junior IT Agent
795,12/6/2020,,IT Agent Manager
821,11/2/2023,,Senior IT Agent
1996,5/22/2023,,Senior IT Agent
1547,5/29/2021,,IT Agent Manager
1025,3/14/2024,,Junior IT Agent
1469,12/31/2023,,IT Agent Manager
492,7/8/2024,,Senior IT Agent
199,9/16/2024,,Principle IT Agent
1474,4/15/2023,,Senior IT Agent
1255,10/3/2020,,Senior IT Agent
170,2/12/2023,,IT Agent Manager
1522,11/28/2024,,IT Agent Manager
1657,6/25/2022,,Principle IT Agent
1985,4/8/2023,,IT Agent Manager
1969,10/10/2020,,Principle IT Agent
1978,8/19/2024,,IT Agent Manager
208,12/25/2020,,Principle IT Agent
859,6/4/2020,,Principle IT Agent
439,3/14/2022,,Junior IT Agent
514,12/5/2020,,Junior IT Agent
973,12/15/2020,,Junior IT Agent
260,6/20/2023,,Junior IT Agent
1905,8/1/2021,,Senior IT Agent
1934,5/10/2021,,Principle IT Agent
955,1/3/2020,,Senior IT Agent
564,2/25/2023,,IT Agent Manager
225,2/21/2023,,IT Agent Manager
420,12/23/2021,,Junior IT Agent
1523,5/17/2022,,IT Agent Manager
133,5/21/2020,,Principle IT Agent
1871,7/3/2020,,IT Agent Manager
906,7/8/2020,,Junior IT Agent
304,4/11/2022,,Senior IT Agent
644,10/25/2022,,Senior IT Agent
1425,8/5/2023,,Principle IT Agent
146,5/16/2020,,Junior IT Agent
1902,10/29/2024,,Junior IT Agent
1958,1/11/2023,,Senior IT Agent
1006,9/27/2022,,Junior IT Agent
1659,8/4/2024,,Senior IT Agent
376,5/17/2022,,Senior IT Agent
995,10/11/2020,,IT Agent Manager
1013,3/6/2024,,IT Agent Manager
488,8/18/2020,,Principle IT Agent
1218,11/26/2024,,Senior IT Agent
104,9/18/2020,,Principle IT Agent
93,12/9/2022,,IT Agent Manager
295,10/17/2020,,Principle IT Agent
1199,3/31/2022,,Junior IT Agent
1755,5/27/2022,,Principle IT Agent
711,2/2/2024,,Principle IT Agent
1279,9/3/2024,,Principle IT Agent
322,10/6/2023,,Senior IT Agent
2000,1/26/2022,,Junior IT Agent
123,7/9/2020,,IT Agent Manager
852,12/3/2024,,IT Agent Manager
1931,2/6/2023,,Junior IT Agent
1305,12/11/2022,,Junior IT Agent
1074,11/8/2022,,Principle IT Agent
1275,12/13/2024,,Principle IT Agent
1070,9/15/2020,,IT Agent Manager
410,12/9/2022,,Senior IT Agent
1715,7/27/2023,,Junior IT Agent
1816,10/17/2024,,IT Agent Manager
1307,5/18/2020,,Principle IT Agent
890,11/4/2022,,Senior IT Agent
511,11/19/2022,,Junior IT Agent
1977,6/20/2021,,IT Agent Manager
966,7/9/2020,,IT Agent Manager
124,12/11/2022,,Principle IT Agent
1323,4/18/2024,,Principle IT Agent
1496,12/22/2021,,Principle IT Agent
879,3/3/2021,,Principle IT Agent
222,2/17/2021,,Senior IT Agent
1109,5/5/2023,,Senior IT Agent
1946,2/4/2023,,Principle IT Agent
1619,8/16/2022,,Principle IT Agent
1649,6/1/2024,,IT Agent Manager
1864,9/11/2020,,IT Agent Manager
178,1/20/2020,,IT Agent Manager
1691,10/20/2023,,Principle IT Agent
1815,5/15/2021,,Principle IT Agent
815,8/22/2022,,Senior IT Agent
1615,11/11/2021,,Principle IT Agent
621,11/5/2023,,IT Agent Manager
1519,12/7/2022,,Principle IT Agent
1814,4/22/2021,,Junior IT Agent
1762,11/21/2023,,IT Agent Manager
28,5/24/2024,,Senior IT Agent
64,3/26/2024,,Senior IT Agent
1881,6/12/2023,,Principle IT Agent
1892,3/27/2022,,Senior IT Agent
8,2/14/2023,,Junior IT Agent
777,7/17/2021,,Junior IT Agent
370,12/22/2021,,IT Agent Manager
1840,9/29/2021,,IT Agent Manager
233,12/19/2023,,Junior IT Agent
787,5/8/2021,,Senior IT Agent
1232,5/30/2022,,Junior IT Agent
1641,9/18/2021,,Senior IT Agent
1540,9/29/2021,,Senior IT Agent
1964,10/23/2023,,Principle IT Agent
1363,6/21/2024,,Senior IT Agent
985,9/3/2023,,IT Agent Manager
49,10/14/2020,,Senior IT Agent
1012,6/29/2022,,Junior IT Agent
575,10/17/2020,,Principle IT Agent
1926,9/12/2021,,IT Agent Manager
1054,11/22/2022,,Senior IT Agent
544,7/6/2024,,Principle IT Agent
717,5/18/2021,,Senior IT Agent
1570,6/15/2021,,Principle IT Agent
1722,11/18/2023,,IT Agent Manager
1684,9/6/2020,,Junior IT Agent
811,4/25/2022,,IT Agent Manager
1650,1/3/2024,,Principle IT Agent
1776,9/8/2023,,Senior IT Agent
964,4/29/2022,,Senior IT Agent
1462,4/10/2021,,Principle IT Agent
837,9/7/2024,,Junior IT Agent
697,2/23/2022,,Principle IT Agent
1370,4/16/2020,,Junior IT Agent
1823,8/16/2020,,Junior IT Agent
1917,4/13/2021,,IT Agent Manager
584,6/20/2021,,IT Agent Manager
1147,9/17/2022,,Junior IT Agent
578,5/23/2024,,Senior IT Agent
1172,5/4/2022,,Senior IT Agent
1372,5/4/2021,,Senior IT Agent
1291,9/30/2022,,Senior IT Agent
1924,6/9/2020,,IT Agent Manager
1219,11/3/2020,,Principle IT Agent
1195,6/27/2024,,Junior IT Agent
1434,11/21/2023,,Junior IT Agent
1674,6/28/2024,,Junior IT Agent
1494,11/26/2022,,Senior IT Agent
1415,5/24/2022,,Principle IT Agent
538,8/1/2020,,Junior IT Agent
1170,5/22/2021,,Principle IT Agent
1622,5/1/2022,,Junior IT Agent
1502,9/3/2022,,IT Agent Manager
1830,6/19/2021,,Junior IT Agent
1128,5/28/2023,,IT Agent Manager
1105,7/10/2024,,Principle IT Agent
1378,4/23/2023,,Junior IT Agent
1261,8/18/2021,,Senior IT Agent
1613,12/24/2024,,IT Agent Manager
502,4/14/2024,,Principle IT Agent
741,4/25/2020,,IT Agent Manager
1577,3/16/2020,,Senior IT Agent
112,8/1/2023,,IT Agent Manager
1200,1/22/2021,,Senior IT Agent
367,4/22/2020,,Principle IT Agent
546,9/9/2022,,Senior IT Agent
1112,2/25/2023,,IT Agent Manager
1843,7/20/2023,,Senior IT Agent
252,8/16/2023,,Principle IT Agent
936,9/26/2022,,Principle IT Agent
662,8/18/2023,,Senior IT Agent
1150,12/19/2020,,Principle IT Agent
98,2/19/2020,,Junior IT Agent
1759,7/5/2021,,Junior IT Agent
1062,1/26/2020,,IT Agent Manager
1688,3/11/2024,,Principle IT Agent
786,9/10/2024,,Senior IT Agent
1450,7/19/2024,,Senior IT Agent
1416,11/17/2023,,IT Agent Manager
769,6/16/2021,,Principle IT Agent
1264,12/27/2023,,IT Agent Manager
1016,3/12/2024,,Junior IT Agent
996,2/23/2024,,Senior IT Agent
496,2/1/2022,,Junior IT Agent
1059,2/25/2024,,IT Agent Manager
1304,12/13/2021,,Senior IT Agent
1268,6/5/2022,,Junior IT Agent
70,10/5/2022,,Senior IT Agent
1701,5/15/2020,,Junior IT Agent
1061,2/9/2024,,IT Agent Manager
827,12/23/2022,,Principle IT Agent
1272,12/2/2024,,Senior IT Agent
195,2/13/2022,,Senior IT Agent
1159,10/16/2022,,IT Agent Manager
1122,10/28/2020,,Principle IT Agent
1442,3/30/2024,,IT Agent Manager
1860,10/29/2023,,Principle IT Agent
1089,1/4/2024,,Principle IT Agent
289,5/10/2023,,Principle IT Agent
1414,9/2/2022,,Junior IT Agent
363,4/22/2020,,Principle IT Agent
774,5/5/2024,,Senior IT Agent
1867,8/26/2021,,IT Agent Manager
1672,4/3/2023,,IT Agent Manager
163,9/8/2020,,Junior IT Agent
551,6/19/2024,,Principle IT Agent
1252,5/28/2023,,Junior IT Agent
16,6/2/2023,,Principle IT Agent
586,1/5/2023,,Junior IT Agent
1233,11/5/2020,,IT Agent Manager
1058,11/29/2023,,Principle IT Agent
588,4/2/2022,,Junior IT Agent
745,12/11/2020,,Junior IT Agent
397,12/2/2021,,Junior IT Agent
548,2/5/2024,,Senior IT Agent
1421,8/5/2023,,Principle IT Agent
15,4/30/2021,,Senior IT Agent
537,11/29/2024,,Principle IT Agent
1002,11/2/2023,,IT Agent Manager
1907,10/18/2021,,Junior IT Agent
434,11/17/2023,,IT Agent Manager
1489,4/22/2022,,IT Agent Manager
920,10/25/2020,,Senior IT Agent
1196,11/24/2024,,Junior IT Agent
1373,10/1/2024,,Principle IT Agent
1439,8/18/2022,,Senior IT Agent
172,6/16/2023,,Senior IT Agent
1543,3/8/2020,,Junior IT Agent
1118,11/20/2023,,Principle IT Agent
1358,4/17/2024,,IT Agent Manager
784,5/30/2020,,Principle IT Agent
34,8/10/2020,,IT Agent Manager
459,9/20/2020,,Senior IT Agent
1245,4/30/2022,,Principle IT Agent
1453,3/20/2024,,Junior IT Agent
1263,10/28/2022,,IT Agent Manager
597,2/5/2020,,Junior IT Agent
11,9/1/2023,,Senior IT Agent
1087,10/23/2024,,Senior IT Agent
121,6/27/2021,,Senior IT Agent
957,9/18/2021,,IT Agent Manager
664,11/12/2020,,IT Agent Manager
291,7/21/2021,,Principle IT Agent
1646,1/1/2022,,IT Agent Manager
1966,12/12/2020,,Junior IT Agent
1524,9/18/2021,,Junior IT Agent
1321,9/26/2021,,IT Agent Manager
1621,4/30/2020,,IT Agent Manager
794,6/7/2023,,IT Agent Manager
943,9/17/2021,,IT Agent Manager
612,6/11/2024,,Junior IT Agent
1292,1/7/2022,,IT Agent Manager
678,11/5/2024,,Principle IT Agent
746,3/30/2024,,Principle IT Agent
1818,11/3/2023,,Senior IT Agent
248,11/24/2021,,Principle IT Agent
1938,3/21/2021,,Senior IT Agent
1471,9/18/2022,,Principle IT Agent
1478,3/23/2022,,Principle IT Agent
870,5/4/2024,,IT Agent Manager
1188,12/31/2021,,Senior IT Agent
1770,2/26/2021,,Principle IT Agent
773,3/20/2024,,Principle IT Agent
756,3/26/2021,,Senior IT Agent
934,2/22/2022,,Junior IT Agent
1072,12/8/2020,,IT Agent Manager
1102,7/26/2022,,Senior IT Agent
1206,1/5/2024,,Senior IT Agent
1829,1/31/2022,,Senior IT Agent
725,9/14/2020,,Senior IT Agent
1951,3/6/2021,,IT Agent Manager
1423,10/21/2020,,IT Agent Manager
1497,4/5/2020,,Principle IT Agent
1491,9/8/2024,,Junior IT Agent
1785,12/10/2022,,Principle IT Agent
1858,3/26/2020,,Junior IT Agent
1730,5/25/2024,,Principle IT Agent
521,8/29/2020,,Principle IT Agent
377,11/3/2024,,Senior IT Agent
670,6/16/2022,,Principle IT Agent
1654,4/7/2020,,Junior IT Agent
388,1/18/2022,,Junior IT Agent
1787,5/19/2024,,Senior IT Agent
1852,2/16/2020,,Principle IT Agent
470,6/22/2023,,Principle IT Agent
136,1/22/2023,,Principle IT Agent
297,11/30/2024,,Principle IT Agent
686,10/15/2020,,Senior IT Agent
1098,10/9/2024,,IT Agent Manager
951,7/30/2021,,IT Agent Manager
749,2/22/2023,,Senior IT Agent
941,5/1/2023,,Junior IT Agent
450,10/25/2024,,Senior IT Agent
655,5/26/2022,,Principle IT Agent
116,3/16/2022,,Senior IT Agent
1226,12/15/2023,,Senior IT Agent
1790,8/4/2022,,Senior IT Agent
1343,11/10/2022,,Junior IT Agent
623,5/4/2020,,Principle IT Agent
656,12/17/2021,,Principle IT Agent
834,2/4/2024,,IT Agent Manager
752,10/9/2023,,Junior IT Agent
876,1/26/2020,,Senior IT Agent
215,12/3/2023,,Principle IT Agent
1720,10/4/2021,,Junior IT Agent
319,12/8/2022,,Principle IT Agent
1884,12/13/2020,,Senior IT Agent
1861,3/13/2020,,Senior IT Agent
1532,9/19/2022,,Senior IT Agent
1596,10/10/2021,,Principle IT Agent
240,6/26/2022,,Senior IT Agent
22,6/16/2020,,Senior IT Agent
1010,10/26/2021,,Senior IT Agent
126,2/17/2021,,Junior IT Agent
1260,12/18/2020,,Junior IT Agent
477,9/17/2020,,Junior IT Agent
1859,11/14/2023,,IT Agent Manager
362,6/23/2021,,Junior IT Agent
529,3/9/2023,,IT Agent Manager
1313,8/19/2022,,IT Agent Manager
1029,10/17/2024,,IT Agent Manager
563,10/29/2022,,IT Agent Manager
1797,8/2/2021,,IT Agent Manager
107,6/10/2023,,IT Agent Manager
1459,3/1/2024,,Principle IT Agent
393,9/10/2021,,Principle IT Agent
1125,11/4/2022,,Senior IT Agent
903,7/2/2023,,Junior IT Agent
1558,8/6/2023,,Junior IT Agent
1047,2/23/2024,,Principle IT Agent
1308,7/14/2022,,Senior IT Agent
1385,12/9/2023,,Principle IT Agent
1778,9/6/2021,,IT Agent Manager
1534,7/13/2021,,Junior IT Agent
606,9/26/2024,,Junior IT Agent
83,12/28/2023,,IT Agent Manager
972,7/1/2022,,IT Agent Manager
1371,1/14/2020,,IT Agent Manager
622,1/21/2022,,Principle IT Agent
1743,10/16/2023,,Senior IT Agent
738,4/6/2024,,Principle IT Agent
818,12/26/2024,,Senior IT Agent
1739,4/11/2020,,Junior IT Agent
1886,11/10/2022,,IT Agent Manager
1689,12/9/2024,,IT Agent Manager
740,3/27/2020,,Senior IT Agent
1095,8/12/2020,,IT Agent Manager
1992,4/9/2022,,Principle IT Agent
1903,1/8/2024,,Principle IT Agent
1583,7/29/2024,,Junior IT Agent
1586,9/11/2022,,Junior IT Agent
1974,4/23/2020,,Senior IT Agent
1216,8/29/2021,,Principle IT Agent
856,1/8/2021,,Senior IT Agent
628,4/2/2021,,Junior IT Agent
1782,1/20/2023,,Junior IT Agent
471,1/22/2023,,IT Agent Manager
385,7/13/2020,,Principle IT Agent
1335,1/21/2022,,IT Agent Manager
1163,2/21/2022,,Senior IT Agent
633,12/13/2023,,Junior IT Agent
677,3/21/2020,,IT Agent Manager
994,8/21/2020,,Junior IT Agent
109,11/24/2023,,IT Agent Manager
1877,5/18/2021,,Principle IT Agent
1165,8/12/2023,,Principle IT Agent
418,7/25/2024,,IT Agent Manager
486,11/14/2021,,Senior IT Agent
307,5/15/2024,,Principle IT Agent
858,6/2/2023,,Junior IT Agent
1702,3/26/2020,,Junior IT Agent
1900,2/20/2023,,Senior IT Agent
246,7/2/2021,,Senior IT Agent
874,4/8/2024,,IT Agent Manager
731,4/12/2022,,Senior IT Agent
975,6/2/2022,,Senior IT Agent
461,5/2/2021,,Principle IT Agent
264,9/4/2021,,Principle IT Agent
1398,10/11/2021,,Principle IT Agent
1609,9/22/2021,,IT Agent Manager
143,10/4/2022,,Senior IT Agent
395,11/26/2021,,Junior IT Agent
1318,10/13/2020,,Principle IT Agent
105,4/7/2022,,IT Agent Manager
408,6/4/2020,,Junior IT Agent
1744,4/30/2021,,Principle IT Agent
1541,3/1/2020,,Junior IT Agent
1348,5/25/2023,,IT Agent Manager
1073,4/25/2023,,Senior IT Agent
448,11/25/2022,,Senior IT Agent
1492,9/27/2020,,Junior IT Agent
1598,10/23/2023,,Principle IT Agent
901,12/6/2024,,Senior IT Agent
1876,6/28/2023,,IT Agent Manager
1426,8/8/2021,,Senior IT Agent
1950,11/13/2022,,Senior IT Agent
1711,3/16/2024,,Junior IT Agent
413,11/14/2023,,Junior IT Agent
1003,1/10/2020,,Principle IT Agent
449,12/21/2023,,Senior IT Agent
719,8/30/2020,,Senior IT Agent
1280,9/26/2023,,Principle IT Agent
96,8/8/2022,,Senior IT Agent
1500,11/10/2022,,Senior IT Agent
1297,5/29/2024,,IT Agent Manager
103,2/18/2023,,IT Agent Manager
590,7/14/2023,,Junior IT Agent
1381,8/4/2021,,IT Agent Manager
763,8/6/2024,,Principle IT Agent
690,11/11/2022,,IT Agent Manager
1644,2/16/2022,,Junior IT Agent
997,2/7/2024,,Senior IT Agent
1537,12/22/2024,,IT Agent Manager
1080,8/21/2024,,IT Agent Manager
349,11/5/2020,,Senior IT Agent
1987,12/10/2020,,Senior IT Agent
1320,10/4/2020,,Junior IT Agent
1792,7/23/2021,,Junior IT Agent
1386,3/22/2021,,IT Agent Manager
761,5/21/2021,,Principle IT Agent
522,3/11/2024,,Junior IT Agent
185,10/21/2023,,Junior IT Agent
20,5/31/2022,,Principle IT Agent
481,3/12/2022,,IT Agent Manager
669,4/13/2023,,Senior IT Agent
976,7/19/2020,,Principle IT Agent
81,5/9/2021,,Senior IT Agent
1282,12/3/2024,,IT Agent Manager
868,4/25/2022,,Junior IT Agent
639,10/29/2022,,Senior IT Agent
1817,12/10/2023,,IT Agent Manager
1184,2/5/2020,,IT Agent Manager
842,11/26/2023,,Senior IT Agent
1099,12/21/2021,,Principle IT Agent
694,5/4/2024,,Senior IT Agent
1458,12/19/2024,,Principle IT Agent
755,2/3/2022,,Junior IT Agent
380,2/7/2021,,Junior IT Agent
26,7/16/2024,,Senior IT Agent
89,6/9/2021,,Senior IT Agent
1942,7/13/2020,,Senior IT Agent
493,5/1/2021,,IT Agent Manager
977,11/3/2020,,Principle IT Agent
685,6/9/2024,,Principle IT Agent
1658,6/3/2020,,Junior IT Agent
1959,3/8/2023,,Senior IT Agent
456,4/30/2021,,IT Agent Manager
57,7/11/2023,,Senior IT Agent
687,7/6/2023,,Junior IT Agent
733,3/4/2023,,IT Agent Manager
92,5/8/2022,,Junior IT Agent
1656,9/25/2021,,IT Agent Manager
935,12/13/2022,,Principle IT Agent
1854,2/20/2024,,Principle IT Agent
615,6/6/2020,,Junior IT Agent
822,2/17/2021,,Junior IT Agent
1021,7/19/2020,,Principle IT Agent
530,11/7/2021,,Junior IT Agent
988,9/27/2023,,Principle IT Agent
262,12/5/2024,,Senior IT Agent
147,7/20/2020,,Senior IT Agent
885,3/20/2023,,Principle IT Agent
1464,6/3/2024,,Junior IT Agent
1306,6/14/2021,,Principle IT Agent
1446,4/24/2021,,Senior IT Agent
145,2/5/2020,,IT Agent Manager
1506,5/10/2023,,Principle IT Agent
1033,1/7/2024,,Junior IT Agent
1655,6/22/2023,,Senior IT Agent
869,9/24/2022,,IT Agent Manager
1067,11/7/2022,,Junior IT Agent
1957,2/4/2023,,Principle IT Agent
702,3/3/2023,,Senior IT Agent
1289,12/20/2023,,Principle IT Agent
10,4/27/2022,,IT Agent Manager
13,7/10/2023,,Senior IT Agent
542,9/23/2024,,Senior IT Agent
1518,5/25/2020,,Senior IT Agent
1222,12/11/2021,,Junior IT Agent
1204,4/24/2023,,Junior IT Agent
1630,7/18/2024,,IT Agent Manager
674,1/30/2020,,Junior IT Agent
562,11/26/2022,,Junior IT Agent
826,2/13/2020,,Principle IT Agent
45,11/27/2024,,Junior IT Agent
878,7/2/2023,,IT Agent Manager
582,6/8/2021,,Senior IT Agent
609,3/4/2023,,Junior IT Agent
1535,9/18/2024,,Principle IT Agent
598,1/16/2024,,IT Agent Manager
1919,1/1/2022,,Principle IT Agent
94,8/26/2024,,Principle IT Agent
1364,4/5/2023,,Senior IT Agent
716,3/7/2020,,Principle IT Agent
636,7/5/2022,,Principle IT Agent
243,2/20/2020,,Senior IT Agent
775,5/29/2023,,IT Agent Manager
284,12/31/2023,,Junior IT Agent
1906,10/30/2022,,Junior IT Agent
1132,3/15/2021,,Senior IT Agent
1413,11/19/2020,,Senior IT Agent
510,12/27/2022,,IT Agent Manager
680,10/20/2022,,Senior IT Agent
800,2/25/2023,,Principle IT Agent
707,7/1/2021,,Senior IT Agent
1507,10/9/2021,,Senior IT Agent
1594,12/19/2022,,IT Agent Manager
1315,9/10/2021,,Principle IT Agent
407,12/24/2020,,Senior IT Agent
942,12/14/2023,,Junior IT Agent
341,3/11/2021,,Senior IT Agent
211,3/29/2020,,Principle IT Agent
1954,4/22/2023,,IT Agent Manager
851,4/28/2023,,Principle IT Agent
1382,4/14/2023,,Senior IT Agent
853,7/7/2021,,IT Agent Manager
1837,3/9/2023,,Senior IT Agent
882,4/21/2023,,IT Agent Manager
527,3/31/2023,,Junior IT Agent
1651,2/9/2022,,IT Agent Manager
43,7/7/2021,,Principle IT Agent
1579,10/18/2022,,IT Agent Manager
1595,4/22/2024,,Principle IT Agent
1517,6/18/2022,,Senior IT Agent
1639,10/8/2024,,IT Agent Manager
1028,8/7/2023,,Principle IT Agent
1982,6/29/2022,,Junior IT Agent
1366,5/28/2023,,Junior IT Agent
1044,6/10/2020,,Senior IT Agent
1914,12/21/2020,,Principle IT Agent
1036,10/19/2022,,Junior IT Agent
351,3/19/2024,,IT Agent Manager
238,9/22/2022,,Senior IT Agent
1237,7/5/2020,,Senior IT Agent
217,4/6/2020,,IT Agent Manager
1568,1/27/2023,,Principle IT Agent
1137,7/19/2021,,Principle IT Agent
152,6/6/2022,,Junior IT Agent
865,6/28/2020,,IT Agent Manager
1322,1/30/2021,,IT Agent Manager
905,5/31/2024,,Principle IT Agent
630,8/6/2023,,Principle IT Agent
1192,2/11/2024,,Principle IT Agent
1,2/4/2021,,IT Agent Manager
453,6/1/2024,,Principle IT Agent
748,11/4/2021,,IT Agent Manager
689,7/19/2024,,Senior IT Agent
1838,5/10/2022,,Principle IT Agent
1116,3/21/2020,,Junior IT Agent
296,12/31/2022,,Principle IT Agent
980,6/27/2024,,Principle IT Agent
683,9/24/2023,,Senior IT Agent
549,3/5/2024,,IT Agent Manager
1429,3/15/2020,,Junior IT Agent
1601,9/29/2023,,Senior IT Agent
1328,6/12/2021,,Junior IT Agent
1636,9/25/2022,,Principle IT Agent
1162,10/8/2024,,Senior IT Agent
1360,10/28/2024,,IT Agent Manager
1918,2/11/2021,,Principle IT Agent
114,1/26/2021,,Junior IT Agent
4,9/10/2023,,Senior IT Agent
1091,2/6/2021,,IT Agent Manager
916,4/28/2022,,Principle IT Agent
1690,1/2/2021,,Senior IT Agent
1286,3/14/2022,,Senior IT Agent
33,3/25/2020,,Junior IT Agent
1542,6/13/2020,,Principle IT Agent
24,6/8/2021,,IT Agent Manager
1173,5/4/2023,,IT Agent Manager
1738,4/10/2020,,IT Agent Manager
987,10/30/2024,,Junior IT Agent
270,11/29/2023,,Senior IT Agent
1626,10/17/2021,,Senior IT Agent
617,4/18/2022,,Principle IT Agent
321,4/12/2020,,Senior IT Agent
405,9/9/2020,,Principle IT Agent
1660,5/16/2021,,Senior IT Agent
1648,12/15/2024,,IT Agent Manager
250,2/20/2023,,Junior IT Agent
446,6/7/2022,,Senior IT Agent
547,9/5/2023,,Junior IT Agent
125,7/2/2022,,Junior IT Agent
892,11/19/2023,,Senior IT Agent
375,4/18/2024,,Principle IT Agent
1921,3/7/2024,,Senior IT Agent
1925,7/14/2020,,Junior IT Agent
565,11/11/2024,,Principle IT Agent
610,8/18/2021,,Principle IT Agent
1454,10/19/2023,,IT Agent Manager
197,7/6/2020,,Principle IT Agent
1042,2/3/2023,,Junior IT Agent
1949,1/2/2020,,IT Agent Manager
1676,4/26/2023,,Junior IT Agent
536,10/3/2023,,IT Agent Manager
1963,12/24/2024,,IT Agent Manager
850,4/23/2024,,Junior IT Agent
350,6/21/2020,,Junior IT Agent
1593,12/16/2023,,Junior IT Agent
1185,6/18/2020,,IT Agent Manager
1129,7/1/2020,,IT Agent Manager
1235,8/22/2023,,Senior IT Agent
41,9/5/2022,,Junior IT Agent
650,1/7/2023,,Principle IT Agent
269,5/6/2022,,IT Agent Manager
487,1/29/2022,,Principle IT Agent
372,2/5/2020,,Principle IT Agent
1742,1/17/2021,,Senior IT Agent
285,11/3/2024,,IT Agent Manager
847,10/31/2024,,Junior IT Agent
1612,2/1/2020,,Senior IT Agent
891,6/16/2023,,Junior IT Agent
389,5/5/2022,,Senior IT Agent
1020,7/25/2024,,Junior IT Agent
1846,3/12/2024,,Senior IT Agent
416,12/28/2021,,Senior IT Agent
1807,5/25/2020,,Senior IT Agent
691,7/28/2021,,IT Agent Manager
1270,4/26/2023,,Senior IT Agent
235,5/20/2024,,IT Agent Manager
1248,12/15/2023,,Principle IT Agent
507,7/26/2021,,Senior IT Agent
594,5/5/2020,,IT Agent Manager
835,9/1/2023,,Junior IT Agent
825,6/22/2023,,IT Agent Manager
280,6/18/2024,,Junior IT Agent
1793,10/14/2023,,IT Agent Manager
27,6/16/2024,,Principle IT Agent
772,3/5/2021,,IT Agent Manager
1401,9/16/2022,,IT Agent Manager
1801,7/9/2021,,Junior IT Agent
1869,6/20/2021,,Senior IT Agent
1093,8/28/2020,,Junior IT Agent
1638,6/14/2023,,IT Agent Manager
144,3/7/2021,,Junior IT Agent
1894,5/17/2024,,Senior IT Agent
760,3/24/2021,,Principle IT Agent
948,12/11/2024,,Principle IT Agent
983,7/30/2022,,Junior IT Agent
1023,8/28/2020,,Principle IT Agent
1717,6/30/2021,,Principle IT Agent
1405,10/30/2023,,Principle IT Agent
292,7/20/2023,,Principle IT Agent
1706,4/7/2023,,Junior IT Agent
1034,10/3/2020,,Senior IT Agent
1551,11/1/2021,,Senior IT Agent
1952,4/8/2022,,Senior IT Agent
814,7/9/2021,,IT Agent Manager
332,9/10/2024,,Junior IT Agent
520,3/10/2022,,IT Agent Manager
400,3/8/2023,,IT Agent Manager
1438,10/15/2023,,Junior IT Agent
1281,1/4/2022,,Principle IT Agent
1608,5/20/2024,,Principle IT Agent
236,6/23/2024,,Principle IT Agent
735,1/22/2021,,Senior IT Agent
1533,1/14/2023,,Principle IT Agent
648,9/1/2022,,IT Agent Manager
1983,9/18/2021,,Junior IT Agent
1119,7/7/2020,,Senior IT Agent
433,3/6/2020,,Principle IT Agent
1392,3/11/2024,,Senior IT Agent
1395,3/12/2024,,Senior IT Agent
1435,5/18/2024,,Senior IT Agent
1135,6/2/2024,,Principle IT Agent
608,5/24/2024,,Senior IT Agent
1351,8/9/2023,,Junior IT Agent
475,7/17/2022,,Junior IT Agent
286,4/16/2024,,Principle IT Agent
1355,9/3/2023,,Senior IT Agent
315,1/4/2023,,Senior IT Agent
797,1/27/2022,,Principle IT Agent
1653,8/7/2022,,Senior IT Agent
415,12/20/2020,,Principle IT Agent
540,12/12/2023,,IT Agent Manager
169,2/19/2021,,IT Agent Manager
181,10/12/2022,,Principle IT Agent
256,1/9/2024,,Principle IT Agent
1486,4/28/2023,,Junior IT Agent
85,10/30/2023,,Principle IT Agent
191,2/15/2024,,IT Agent Manager
489,4/13/2021,,Senior IT Agent
1404,7/11/2020,,Senior IT Agent
1705,8/6/2022,,Junior IT Agent
97,7/22/2024,,Principle IT Agent
699,7/2/2024,,Junior IT Agent
679,8/5/2022,,IT Agent Manager
1060,10/23/2023,,Senior IT Agent
1205,4/1/2020,,Principle IT Agent
728,2/12/2024,,Junior IT Agent
253,7/18/2024,,Senior IT Agent
663,9/12/2024,,Junior IT Agent
539,6/6/2021,,IT Agent Manager
1783,6/17/2024,,Senior IT Agent
1794,6/6/2022,,IT Agent Manager
1645,11/25/2022,,Junior IT Agent
696,5/31/2020,,IT Agent Manager
1018,7/4/2024,,IT Agent Manager
1009,11/28/2021,,Junior IT Agent
700,7/5/2022,,Junior IT Agent
550,12/21/2023,,Junior IT Agent
1623,11/9/2020,,Junior IT Agent
1441,12/4/2020,,Senior IT Agent
1820,3/28/2022,,Junior IT Agent
1130,10/6/2023,,Junior IT Agent
303,4/1/2023,,Junior IT Agent
1030,7/17/2024,,Principle IT Agent
1591,2/28/2024,,IT Agent Manager
880,2/20/2022,,IT Agent Manager
581,3/7/2022,,Junior IT Agent
1617,9/28/2024,,IT Agent Manager
1635,4/4/2020,,Senior IT Agent
323,6/4/2021,,Senior IT Agent
480,11/4/2023,,Principle IT Agent
737,1/20/2024,,IT Agent Manager
1538,2/1/2024,,Senior IT Agent
167,11/16/2021,,Junior IT Agent
251,11/21/2022,,Junior IT Agent
1278,10/12/2021,,Junior IT Agent
473,3/21/2021,,Junior IT Agent
242,11/30/2022,,Senior IT Agent
73,4/23/2021,,Principle IT Agent
1590,4/3/2021,,Principle IT Agent
855,9/2/2020,,IT Agent Manager
1520,2/20/2020,,IT Agent Manager
46,9/24/2022,,Principle IT Agent
1870,12/4/2022,,IT Agent Manager
801,1/19/2023,,Junior IT Agent
1628,3/5/2020,,Senior IT Agent
525,2/22/2023,,Principle IT Agent
1086,8/12/2020,,IT Agent Manager
325,9/30/2020,,Principle IT Agent
485,4/20/2024,,Principle IT Agent
435,7/16/2021,,Senior IT Agent
526,8/29/2022,,Senior IT Agent
1407,1/12/2021,,Junior IT Agent
1447,7/11/2023,,Principle IT Agent
219,12/7/2022,,IT Agent Manager
1652,9/2/2021,,Junior IT Agent
1663,6/1/2021,,Senior IT Agent
864,10/13/2024,,Junior IT Agent
231,12/11/2024,,IT Agent Manager
518,6/17/2023,,Senior IT Agent
1680,2/5/2022,,Senior IT Agent
298,8/16/2023,,Principle IT Agent
1432,7/22/2023,,Junior IT Agent
923,7/7/2021,,Principle IT Agent
1143,11/30/2024,,Principle IT Agent
1943,4/4/2021,,IT Agent Manager
1927,5/17/2022,,IT Agent Manager
56,5/19/2023,,Junior IT Agent
708,11/23/2023,,Junior IT Agent
1752,1/25/2020,,Principle IT Agent
308,5/3/2020,,Principle IT Agent
379,10/3/2024,,Principle IT Agent
919,4/3/2023,,Senior IT Agent
1588,5/11/2020,,Principle IT Agent
277,9/25/2022,,Junior IT Agent
122,7/18/2023,,IT Agent Manager
1397,8/12/2021,,IT Agent Manager
1809,3/8/2022,,Junior IT Agent
1965,8/18/2020,,Senior IT Agent
1784,2/28/2020,,Junior IT Agent
1607,3/2/2020,,IT Agent Manager
204,11/14/2020,,Junior IT Agent
1828,5/20/2024,,IT Agent Manager
1565,4/19/2023,,IT Agent Manager
682,1/1/2020,,Principle IT Agent
174,9/15/2024,,IT Agent Manager
1548,7/3/2021,,Junior IT Agent
188,7/21/2020,,Junior IT Agent
904,12/29/2020,,Principle IT Agent
750,5/9/2023,,Junior IT Agent
1764,12/29/2022,,Principle IT Agent
162,2/17/2023,,Principle IT Agent
239,9/23/2021,,Junior IT Agent
282,4/22/2020,,Junior IT Agent
1971,10/6/2021,,Principle IT Agent
113,6/22/2024,,Junior IT Agent
1667,3/3/2022,,Principle IT Agent
52,3/29/2024,,IT Agent Manager
161,11/17/2020,,Junior IT Agent
1879,10/8/2024,,Senior IT Agent
1490,3/30/2021,,Junior IT Agent
1856,9/6/2020,,Junior IT Agent
1847,9/26/2022,,Principle IT Agent
498,10/18/2021,,Junior IT Agent
1274,7/18/2020,,Principle IT Agent
6,6/30/2021,,IT Agent Manager
364,12/2/2024,,Junior IT Agent
927,6/14/2022,,IT Agent Manager
1140,3/22/2022,,Junior IT Agent
1079,6/12/2022,,Junior IT Agent
1160,3/21/2024,,IT Agent Manager
1935,8/18/2021,,IT Agent Manager
311,1/25/2023,,IT Agent Manager
241,12/27/2023,,Principle IT Agent
1038,11/23/2021,,IT Agent Manager
1749,3/17/2023,,Senior IT Agent
895,10/21/2022,,Principle IT Agent
221,7/29/2024,,Senior IT Agent
1104,5/11/2020,,Principle IT Agent
1505,1/29/2021,,Senior IT Agent
131,12/16/2020,,IT Agent Manager
1113,6/13/2024,,Senior IT Agent
378,9/2/2022,,IT Agent Manager
1331,4/26/2024,,Senior IT Agent
1418,7/14/2021,,Junior IT Agent
474,11/19/2024,,IT Agent Manager
913,6/30/2022,,Senior IT Agent
1901,6/22/2021,,Junior IT Agent
1727,3/19/2022,,Junior IT Agent
76,7/20/2020,,Junior IT Agent
210,4/16/2024,,Senior IT Agent
556,10/7/2022,,Principle IT Agent
194,1/6/2023,,Senior IT Agent
1064,7/15/2023,,IT Agent Manager
1781,3/9/2023,,Junior IT Agent
593,9/22/2024,,Principle IT Agent
595,3/28/2022,,Junior IT Agent
1180,4/1/2022,,Senior IT Agent
344,7/30/2024,,Principle IT Agent
1257,1/14/2020,,Senior IT Agent
258,9/10/2020,,Junior IT Agent
1980,9/17/2022,,Senior IT Agent
1673,5/18/2020,,IT Agent Manager
651,12/4/2022,,Principle IT Agent
661,2/23/2020,,Principle IT Agent
1629,2/23/2022,,Junior IT Agent
723,8/17/2022,,Junior IT Agent
1559,9/23/2023,,Principle IT Agent
1808,8/11/2022,,Principle IT Agent
1377,4/16/2024,,IT Agent Manager
1341,7/20/2024,,Junior IT Agent
1417,1/19/2023,,IT Agent Manager
346,1/6/2020,,IT Agent Manager
1731,7/10/2020,,IT Agent Manager
1709,5/28/2021,,Junior IT Agent
1325,8/6/2021,,IT Agent Manager
352,2/23/2023,,Principle IT Agent
705,3/15/2021,,Principle IT Agent
808,4/24/2022,,Junior IT Agent
1238,11/22/2023,,Principle IT Agent
1788,10/22/2021,,Senior IT Agent
695,7/20/2024,,Principle IT Agent
1107,3/29/2023,,Senior IT Agent
816,3/10/2021,,Principle IT Agent
1862,8/9/2021,,Senior IT Agent
1152,5/20/2021,,Senior IT Agent
148,7/28/2022,,Principle IT Agent
431,9/18/2020,,Principle IT Agent
180,8/1/2020,,Junior IT Agent
652,12/15/2021,,Senior IT Agent
48,4/4/2022,,Senior IT Agent
747,6/12/2024,,Junior IT Agent
1678,4/19/2023,,Junior IT Agent
313,5/21/2023,,Senior IT Agent
1215,4/16/2024,,Senior IT Agent
1214,2/29/2024,,Junior IT Agent
63,1/22/2023,,Senior IT Agent
528,1/28/2020,,Senior IT Agent
1338,10/9/2024,,Senior IT Agent
1433,4/17/2020,,Junior IT Agent
568,4/8/2020,,Principle IT Agent
1296,6/18/2022,,IT Agent Manager
1247,6/28/2023,,Principle IT Agent
1895,12/11/2022,,Junior IT Agent
1362,7/10/2021,,Principle IT Agent
1314,2/16/2022,,Senior IT Agent
1503,4/22/2020,,Principle IT Agent
938,5/5/2022,,IT Agent Manager
440,1/2/2024,,Junior IT Agent
896,6/18/2024,,Junior IT Agent
1677,5/20/2020,,IT Agent Manager
1443,9/12/2020,,IT Agent Manager
1953,2/2/2020,,Senior IT Agent
1242,9/10/2021,,Junior IT Agent
86,4/3/2022,,Principle IT Agent
867,6/16/2020,,Principle IT Agent
1780,4/9/2022,,Senior IT Agent
1053,9/4/2022,,Junior IT Agent
560,8/5/2024,,IT Agent Manager
314,8/11/2023,,Senior IT Agent
666,7/16/2020,,Senior IT Agent
1203,10/31/2020,,Principle IT Agent
783,3/15/2022,,Junior IT Agent
1171,11/9/2021,,IT Agent Manager
1585,3/10/2020,,Junior IT Agent
1509,11/10/2021,,Principle IT Agent
968,11/10/2023,,Senior IT Agent
1512,8/24/2020,,Principle IT Agent
1849,6/17/2024,,IT Agent Manager
50,7/26/2020,,Principle IT Agent
601,4/30/2022,,Principle IT Agent
884,12/10/2021,,IT Agent Manager
200,9/30/2023,,IT Agent Manager
1481,1/15/2024,,Principle IT Agent
832,8/27/2021,,Junior IT Agent
1448,4/2/2021,,Principle IT Agent
359,9/21/2020,,Principle IT Agent
900,5/7/2021,,Junior IT Agent
958,7/27/2023,,Junior IT Agent
293,5/14/2024,,Senior IT Agent
1066,12/9/2024,,Junior IT Agent
1361,6/28/2021,,Junior IT Agent
1890,8/28/2023,,IT Agent Manager
1718,6/29/2020,,IT Agent Manager
1228,1/27/2021,,Junior IT Agent
1103,6/11/2022,,Junior IT Agent
566,2/19/2024,,IT Agent Manager
1499,2/5/2021,,IT Agent Manager
1511,6/9/2021,,Junior IT Agent
1317,11/6/2024,,Junior IT Agent
1082,6/7/2020,,IT Agent Manager
654,8/9/2020,,Junior IT Agent
1299,4/5/2021,,IT Agent Manager
1698,5/3/2023,,Senior IT Agent
960,11/9/2021,,Junior IT Agent
848,5/27/2021,,IT Agent Manager
1556,3/13/2023,,Senior IT Agent
1602,7/2/2023,,Senior IT Agent
672,2/10/2020,,Junior IT Agent
230,3/5/2024,,Senior IT Agent
193,5/21/2024,,Junior IT Agent
328,3/26/2021,,Senior IT Agent
710,3/14/2020,,Senior IT Agent
1610,4/11/2023,,Principle IT Agent
1981,6/2/2022,,Principle IT Agent
1287,9/7/2023,,Junior IT Agent
1046,3/8/2020,,IT Agent Manager
519,6/9/2023,,Principle IT Agent
1144,6/1/2022,,Junior IT Agent
844,9/11/2023,,Senior IT Agent
1662,2/23/2024,,IT Agent Manager
846,3/5/2021,,Principle IT Agent
1758,11/15/2024,,IT Agent Manager
1483,9/5/2021,,IT Agent Manager
1498,3/22/2021,,Junior IT Agent
203,11/24/2022,,Junior IT Agent
247,2/3/2022,,IT Agent Manager
616,3/18/2020,,IT Agent Manager
1342,12/30/2020,,Senior IT Agent
384,2/12/2024,,Principle IT Agent
1973,10/14/2024,,IT Agent Manager
872,6/4/2021,,Junior IT Agent
275,3/14/2024,,Senior IT Agent
512,8/24/2020,,Junior IT Agent
908,3/30/2020,,Junior IT Agent
1359,2/27/2024,,IT Agent Manager
1844,1/4/2020,,Junior IT Agent
833,8/16/2023,,Senior IT Agent
1526,11/6/2022,,Junior IT Agent
805,9/5/2022,,Principle IT Agent
347,10/26/2024,,IT Agent Manager
1000,6/26/2020,,IT Agent Manager
1400,8/12/2020,,Junior IT Agent
849,9/19/2023,,Senior IT Agent
701,6/28/2021,,Junior IT Agent
533,8/22/2022,,IT Agent Manager
1822,11/7/2020,,Principle IT Agent
634,2/19/2021,,Senior IT Agent
229,4/3/2022,,Principle IT Agent
464,7/8/2023,,Junior IT Agent
831,9/19/2020,,Junior IT Agent
1479,4/16/2021,,IT Agent Manager
490,2/6/2021,,Principle IT Agent
1575,12/27/2022,,Senior IT Agent
1614,12/23/2021,,Principle IT Agent
75,9/21/2023,,IT Agent Manager
1374,7/6/2020,,Principle IT Agent
369,3/29/2021,,Junior IT Agent
1211,1/5/2020,,Principle IT Agent
1710,7/18/2021,,Senior IT Agent
1466,4/11/2022,,Senior IT Agent
1642,7/5/2021,,Senior IT Agent
1213,5/29/2021,,Principle IT Agent
1139,11/2/2023,,Junior IT Agent
1545,10/31/2021,,Junior IT Agent
554,8/19/2023,,Junior IT Agent
1933,8/22/2023,,IT Agent Manager
1882,4/8/2022,,IT Agent Manager
1945,6/16/2024,,Principle IT Agent
1941,5/3/2024,,Senior IT Agent
1136,9/14/2022,,Junior IT Agent
959,8/28/2020,,Principle IT Agent
1411,5/23/2020,,Senior IT Agent
1989,12/11/2023,,Principle IT Agent
802,4/20/2022,,Principle IT Agent
712,1/9/2021,,Junior IT Agent
1606,6/23/2023,,Junior IT Agent
202,11/18/2024,,Senior IT Agent
1855,2/11/2020,,Junior IT Agent
854,2/16/2022,,Junior IT Agent
1932,12/19/2022,,Principle IT Agent
68,2/3/2024,,Junior IT Agent
355,5/5/2024,,Principle IT Agent
1244,10/17/2022,,Principle IT Agent
956,9/14/2021,,Junior IT Agent
720,11/24/2023,,Senior IT Agent
1182,8/3/2021,,Junior IT Agent
1295,7/28/2021,,Junior IT Agent
673,12/17/2022,,Senior IT Agent
917,10/5/2022,,IT Agent Manager
798,2/13/2024,,IT Agent Manager
31,11/26/2022,,Principle IT Agent
206,12/8/2024,,Senior IT Agent
1077,6/28/2020,,Principle IT Agent
1120,10/8/2022,,Senior IT Agent
1457,5/1/2020,,Senior IT Agent
406,1/30/2023,,IT Agent Manager
134,12/23/2024,,Principle IT Agent
1693,5/22/2024,,Principle IT Agent
743,12/31/2020,,Junior IT Agent
579,12/3/2021,,IT Agent Manager
39,11/27/2023,,IT Agent Manager
299,7/8/2020,,Senior IT Agent
1569,6/15/2020,,Principle IT Agent
1857,2/19/2024,,Principle IT Agent
989,3/8/2021,,Senior IT Agent
23,12/21/2020,,Junior IT Agent
1928,4/10/2021,,IT Agent Manager
1284,12/2/2021,,IT Agent Manager
361,11/12/2022,,IT Agent Manager
947,1/1/2020,,Principle IT Agent
183,7/13/2024,,IT Agent Manager
187,9/2/2023,,Senior IT Agent
1716,10/25/2023,,IT Agent Manager
1714,9/4/2020,,Junior IT Agent
472,1/22/2021,,IT Agent Manager
1409,9/8/2020,,Junior IT Agent
432,2/10/2020,,Principle IT Agent
1088,11/20/2024,,Junior IT Agent
830,11/3/2022,,Principle IT Agent
1773,11/14/2022,,Senior IT Agent
1399,1/22/2023,,Principle IT Agent
765,3/1/2020,,Senior IT Agent
766,10/26/2020,,IT Agent Manager
857,2/12/2022,,IT Agent Manager
1084,5/7/2021,,Senior IT Agent
1800,12/24/2024,,Principle IT Agent
1874,2/15/2020,,Junior IT Agent
732,10/8/2022,,Senior IT Agent
729,3/23/2024,,IT Agent Manager
1493,3/18/2021,,Principle IT Agent
1406,11/9/2021,,IT Agent Manager
940,5/13/2020,,Senior IT Agent
764,8/16/2022,,Principle IT Agent
177,3/18/2021,,Principle IT Agent
176,1/23/2020,,Senior IT Agent
266,9/21/2022,,Senior IT Agent
1445,2/28/2024,,IT Agent Manager
1202,1/25/2023,,Principle IT Agent
1475,10/1/2024,,Principle IT Agent
1220,12/10/2021,,IT Agent Manager
819,3/2/2020,,Principle IT Agent
776,8/3/2021,,Principle IT Agent
1695,3/20/2021,,Principle IT Agent
300,7/23/2022,,Principle IT Agent
1217,8/16/2021,,Senior IT Agent
1186,6/29/2024,,Senior IT Agent
1168,8/31/2023,,Junior IT Agent
283,3/23/2020,,Principle IT Agent
1368,7/31/2024,,Principle IT Agent
645,5/1/2023,,IT Agent Manager
156,7/16/2020,,Principle IT Agent
1293,4/21/2022,,IT Agent Manager
1267,8/5/2022,,Senior IT Agent
441,3/31/2022,,IT Agent Manager
573,11/28/2023,,Principle IT Agent
1473,11/22/2023,,Senior IT Agent
589,9/17/2022,,Junior IT Agent
883,6/10/2021,,Senior IT Agent
1224,8/7/2022,,Principle IT Agent
40,11/23/2020,,IT Agent Manager
1713,4/30/2022,,Senior IT Agent
1312,3/19/2023,,Principle IT Agent
342,3/23/2021,,Junior IT Agent
373,8/8/2020,,Senior IT Agent
38,6/7/2023,,IT Agent Manager
1333,8/26/2021,,IT Agent Manager
681,3/26/2024,,Senior IT Agent
1045,9/24/2022,,Senior IT Agent
1090,5/23/2022,,IT Agent Manager
53,5/10/2020,,Senior IT Agent
226,4/14/2023,,IT Agent Manager
127,6/10/2023,,IT Agent Manager
1631,4/5/2024,,Junior IT Agent
791,10/8/2022,,IT Agent Manager
698,4/23/2022,,Principle IT Agent
1437,9/14/2023,,Junior IT Agent
981,1/12/2024,,Senior IT Agent
1889,2/8/2022,,Senior IT Agent
74,11/9/2022,,Principle IT Agent
287,2/6/2023,,Senior IT Agent
902,5/10/2024,,IT Agent Manager
1836,3/19/2022,,IT Agent Manager
757,5/30/2022,,IT Agent Manager
1887,8/3/2023,,Junior IT Agent
310,12/20/2021,,IT Agent Manager
1290,12/10/2022,,Principle IT Agent
436,4/10/2021,,IT Agent Manager
1960,11/19/2020,,Principle IT Agent
371,1/22/2023,,Junior IT Agent
1349,1/14/2020,,IT Agent Manager
383,3/24/2020,,IT Agent Manager
447,6/8/2022,,Principle IT Agent
265,6/6/2024,,Junior IT Agent
1158,11/29/2023,,Principle IT Agent
1330,7/14/2022,,Senior IT Agent
1726,4/20/2024,,Junior IT Agent
224,8/4/2020,,Senior IT Agent
201,5/19/2023,,IT Agent Manager
499,3/27/2024,,Senior IT Agent
157,3/10/2020,,Senior IT Agent
1754,5/23/2021,,Principle IT Agent
1138,2/21/2020,,IT Agent Manager
993,2/23/2024,,Principle IT Agent
692,1/17/2024,,Principle IT Agent
1017,12/1/2023,,Principle IT Agent
1997,5/28/2023,,Principle IT Agent
392,2/3/2021,,Senior IT Agent
780,5/29/2024,,Senior IT Agent
503,4/26/2022,,Junior IT Agent
1375,1/22/2022,,IT Agent Manager
1875,1/23/2023,,Senior IT Agent
25,8/16/2021,,IT Agent Manager
1277,10/28/2024,,Senior IT Agent
443,12/8/2022,,Senior IT Agent
398,12/11/2024,,Senior IT Agent
139,2/13/2024,,Junior IT Agent
992,11/18/2024,,Senior IT Agent
1725,3/3/2021,,IT Agent Manager
149,1/27/2020,,Junior IT Agent
324,11/6/2024,,IT Agent Manager
1311,4/8/2021,,IT Agent Manager
358,1/3/2023,,Junior IT Agent
1241,10/21/2023,,Senior IT Agent
1026,10/21/2020,,IT Agent Manager
290,2/27/2022,,Senior IT Agent
730,11/30/2020,,IT Agent Manager
1832,9/2/2020,,Junior IT Agent
813,8/19/2022,,Junior IT Agent
1554,6/11/2023,,IT Agent Manager
580,4/30/2020,,IT Agent Manager
1183,2/16/2022,,Principle IT Agent
1640,1/4/2021,,IT Agent Manager
1243,5/20/2024,,Principle IT Agent
921,1/28/2021,,Senior IT Agent
1285,8/11/2023,,IT Agent Manager
3,11/22/2023,,Senior IT Agent
928,6/4/2021,,Junior IT Agent
1763,8/14/2022,,Junior IT Agent
108,5/8/2024,,Senior IT Agent
751,9/3/2022,,IT Agent Manager
118,7/20/2022,,Junior IT Agent
1239,4/29/2020,,Principle IT Agent
77,6/5/2021,,IT Agent Manager
1353,6/3/2020,,Principle IT Agent
965,8/11/2024,,Senior IT Agent
1597,5/23/2022,,IT Agent Manager
1681,5/24/2020,,Junior IT Agent
1154,3/2/2022,,Senior IT Agent
1319,9/4/2020,,Principle IT Agent
19,4/28/2023,,Junior IT Agent
660,7/2/2024,,Senior IT Agent
67,4/29/2023,,Senior IT Agent
618,6/10/2021,,Senior IT Agent
1851,12/30/2023,,Junior IT Agent
329,8/26/2021,,Principle IT Agent
1052,4/25/2023,,Senior IT Agent
939,1/3/2020,,Principle IT Agent
910,7/8/2022,,IT Agent Manager
1961,10/1/2020,,Junior IT Agent
1550,8/1/2024,,IT Agent Manager
168,1/1/2022,,IT Agent Manager
817,7/31/2020,,Junior IT Agent
1916,3/16/2022,,Junior IT Agent
1633,3/17/2024,,IT Agent Manager
234,6/26/2023,,Principle IT Agent
9,12/14/2024,,Principle IT Agent
1750,10/29/2020,,Junior IT Agent
1791,9/2/2023,,Principle IT Agent
60,4/17/2022,,Junior IT Agent
809,9/17/2024,,Principle IT Agent
790,5/20/2022,,Junior IT Agent
1332,5/22/2022,,Principle IT Agent
1948,12/27/2022,,Junior IT Agent
513,2/8/2023,,Senior IT Agent
36,3/4/2023,,IT Agent Manager
658,10/14/2024,,Principle IT Agent
1746,1/8/2021,,Senior IT Agent
1148,10/20/2022,,Senior IT Agent
1834,6/23/2021,,Senior IT Agent
1665,5/1/2024,,Junior IT Agent
1388,6/18/2021,,IT Agent Manager
838,10/12/2024,,Principle IT Agent
1804,11/2/2023,,IT Agent Manager
1391,4/30/2021,,Principle IT Agent
90,5/12/2021,,Principle IT Agent
1812,5/29/2023,,IT Agent Manager
429,12/31/2022,,Principle IT Agent
1177,3/19/2020,,Principle IT Agent
1955,4/30/2024,,IT Agent Manager
207,2/4/2023,,Principle IT Agent
860,4/26/2023,,Senior IT Agent
517,10/10/2022,,IT Agent Manager
1288,11/10/2024,,Principle IT Agent
1210,6/9/2024,,Junior IT Agent
1940,12/14/2024,,IT Agent Manager
1396,10/22/2023,,IT Agent Manager
1604,6/8/2022,,Senior IT Agent
263,6/22/2022,,Senior IT Agent
1024,10/13/2022,,Junior IT Agent
1898,4/7/2021,,Junior IT Agent
1301,12/27/2021,,Senior IT Agent
357,3/15/2020,,Senior IT Agent
462,11/12/2023,,IT Agent Manager
37,7/7/2024,,Junior IT Agent
1747,8/23/2023,,Principle IT Agent
1063,2/1/2021,,Senior IT Agent
1221,3/12/2022,,Senior IT Agent
924,5/20/2024,,Senior IT Agent
1403,4/6/2022,,Senior IT Agent
1769,3/22/2023,,IT Agent Manager
770,2/20/2020,,Principle IT Agent
629,12/9/2021,,IT Agent Manager
1380,11/17/2022,,Senior IT Agent
1584,1/27/2022,,IT Agent Manager
1972,4/17/2023,,Senior IT Agent
1802,5/5/2020,,IT Agent Manager
1880,8/16/2021,,Senior IT Agent
212,9/17/2021,,Senior IT Agent
1149,7/24/2020,,Senior IT Agent
1428,9/24/2022,,IT Agent Manager
709,12/28/2022,,Junior IT Agent
1766,9/2/2022,,Junior IT Agent
309,11/28/2021,,IT Agent Manager
1539,2/3/2023,,Junior IT Agent
1549,10/16/2020,,Senior IT Agent
166,10/5/2023,,Junior IT Agent
1488,6/27/2020,,IT Agent Manager
506,2/26/2024,,Senior IT Agent
944,1/25/2021,,Senior IT Agent
339,1/30/2020,,Principle IT Agent
110,7/8/2023,,Senior IT Agent
1477,10/16/2021,,Junior IT Agent
84,12/17/2022,,Senior IT Agent
1043,4/20/2024,,Junior IT Agent
18,10/20/2024,,Junior IT Agent
101,5/10/2022,,Senior IT Agent
1427,8/3/2020,,IT Agent Manager
179,5/27/2020,,Senior IT Agent
535,3/29/2020,,IT Agent Manager
1675,9/12/2020,,Principle IT Agent
930,11/17/2023,,IT Agent Manager
1166,1/31/2020,,IT Agent Manager
1480,11/16/2024,,IT Agent Manager
261,9/15/2020,,Principle IT Agent
1345,5/24/2020,,IT Agent Manager
35,7/14/2020,,Junior IT Agent
368,4/17/2023,,IT Agent Manager
715,11/13/2020,,Senior IT Agent
1379,6/20/2020,,Junior IT Agent
164,9/20/2022,,IT Agent Manager
887,5/23/2024,,Junior IT Agent
949,5/9/2023,,Principle IT Agent
390,10/1/2021,,Senior IT Agent
1930,6/4/2024,,Principle IT Agent
331,1/26/2023,,Principle IT Agent
142,7/22/2021,,Junior IT Agent
1737,11/15/2022,,IT Agent Manager
227,3/28/2023,,IT Agent Manager
724,1/24/2024,,Junior IT Agent
463,7/16/2024,,IT Agent Manager
543,11/5/2023,,IT Agent Manager
1970,8/25/2024,,Principle IT Agent
734,7/3/2022,,Junior IT Agent
497,4/4/2022,,IT Agent Manager
1774,7/29/2020,,Senior IT Agent
360,7/5/2020,,IT Agent Manager
613,4/15/2024,,Junior IT Agent
387,10/12/2020,,Senior IT Agent
1324,8/2/2020,,Junior IT Agent
840,8/20/2021,,Principle IT Agent
704,9/7/2020,,Principle IT Agent
1810,10/22/2023,,Principle IT Agent
1467,8/29/2021,,Junior IT Agent
1576,8/11/2020,,Principle IT Agent
255,3/21/2022,,IT Agent Manager
1283,7/11/2022,,IT Agent Manager
950,4/21/2023,,IT Agent Manager
881,6/5/2024,,Junior IT Agent
1027,2/11/2020,,IT Agent Manager
150,2/3/2021,,Junior IT Agent
545,10/10/2021,,Principle IT Agent
647,8/22/2021,,Senior IT Agent
333,10/10/2021,,Principle IT Agent
356,6/3/2021,,Principle IT Agent
1956,5/16/2024,,Junior IT Agent
1850,11/8/2022,,Principle IT Agent
1470,3/20/2023,,Senior IT Agent
504,8/25/2020,,IT Agent Manager
1258,7/12/2024,,Junior IT Agent
1757,3/10/2021,,Junior IT Agent
1037,4/6/2024,,Senior IT Agent
403,9/3/2020,,IT Agent Manager
460,2/3/2020,,Principle IT Agent
1408,3/6/2022,,Junior IT Agent
42,4/25/2020,,Principle IT Agent
1092,3/16/2021,,Senior IT Agent
1294,1/24/2023,,Principle IT Agent
51,6/27/2024,,Principle IT Agent
1081,1/3/2021,,IT Agent Manager
326,6/20/2020,,Junior IT Agent
986,6/21/2021,,Junior IT Agent
1687,7/26/2020,,Principle IT Agent
1167,9/12/2021,,Senior IT Agent
971,8/1/2020,,Junior IT Agent
1387,11/3/2024,,IT Agent Manager
274,7/17/2021,,Junior IT Agent
1076,11/8/2023,,IT Agent Manager
675,6/28/2024,,Junior IT Agent
29,12/10/2023,,IT Agent Manager
276,9/18/2020,,IT Agent Manager
1664,6/24/2022,,Principle IT Agent
1310,6/16/2021,,Senior IT Agent
1697,10/17/2023,,Principle IT Agent
267,2/25/2020,,Principle IT Agent
1944,2/16/2024,,IT Agent Manager
1225,7/9/2024,,Junior IT Agent
437,5/9/2020,,Principle IT Agent
1340,9/10/2021,,Junior IT Agent
1891,5/15/2022,,Junior IT Agent
799,8/19/2023,,Junior IT Agent
338,2/7/2022,,IT Agent Manager
294,6/29/2024,,Principle IT Agent
1504,1/3/2020,,Senior IT Agent
1732,12/19/2021,,Junior IT Agent
494,11/2/2022,,Senior IT Agent
467,2/15/2024,,Principle IT Agent
271,7/1/2022,,Principle IT Agent
991,5/3/2021,,Senior IT Agent
1057,6/23/2022,,IT Agent Manager
946,1/14/2022,,Principle IT Agent
845,7/15/2022,,IT Agent Manager
79,7/14/2023,,Principle IT Agent
1514,10/30/2024,,Senior IT Agent
1741,9/12/2021,,Principle IT Agent
119,9/21/2023,,IT Agent Manager
841,11/11/2021,,Principle IT Agent
559,6/25/2022,,Senior IT Agent
1692,12/23/2021,,IT Agent Manager
1071,9/6/2024,,Junior IT Agent
1256,3/20/2022,,Senior IT Agent
427,2/14/2024,,IT Agent Manager
111,9/19/2024,,Principle IT Agent
417,9/13/2023,,IT Agent Manager
912,11/10/2023,,Principle IT Agent
1920,11/25/2020,,Senior IT Agent
345,9/6/2022,,Senior IT Agent
619,8/24/2023,,Junior IT Agent
1922,10/19/2020,,Junior IT Agent
1868,10/15/2022,,Senior IT Agent
1910,8/20/2024,,Junior IT Agent
1303,11/11/2024,,IT Agent Manager
66,4/9/2024,,Junior IT Agent
954,3/4/2021,,Principle IT Agent
1198,5/11/2020,,Junior IT Agent
1789,4/8/2020,,Junior IT Agent
30,6/2/2020,,IT Agent Manager
106,2/23/2023,,Principle IT Agent
65,6/6/2021,,IT Agent Manager
1988,9/13/2024,,Principle IT Agent
897,3/31/2023,,Principle IT Agent
721,5/14/2024,,Senior IT Agent
220,1/5/2020,,Senior IT Agent
1546,5/29/2022,,Senior IT Agent
820,11/3/2020,,IT Agent Manager
638,12/2/2020,,IT Agent Manager
1302,6/27/2023,,Principle IT Agent
1123,5/9/2023,,IT Agent Manager
337,12/23/2023,,Principle IT Agent
2,3/4/2022,,Junior IT Agent
926,8/19/2023,,Senior IT Agent
165,1/21/2023,,IT Agent Manager
688,12/30/2020,,Senior IT Agent
457,10/28/2021,,Junior IT Agent
626,1/7/2021,,Junior IT Agent
1419,4/7/2022,,Principle IT Agent
62,6/27/2022,,IT Agent Manager
1986,10/27/2020,,Principle IT Agent
245,12/12/2020,,Principle IT Agent
693,4/23/2020,,IT Agent Manager
426,2/28/2023,,IT Agent Manager
409,1/16/2020,,Junior IT Agent
1733,5/17/2024,,Junior IT Agent
160,7/8/2024,,IT Agent Manager
1700,2/11/2023,,Senior IT Agent
421,9/16/2020,,Principle IT Agent
1005,6/25/2024,,Principle IT Agent
962,10/3/2022,,Senior IT Agent
1756,6/14/2024,,Principle IT Agent
1393,11/26/2023,,IT Agent Manager
637,2/25/2021,,Junior IT Agent
209,2/15/2020,,IT Agent Manager
1824,12/30/2023,,Senior IT Agent
1190,7/23/2021,,Senior IT Agent
1452,9/11/2020,,Senior IT Agent
1096,7/14/2022,,Junior IT Agent
1035,2/27/2022,,Senior IT Agent
1883,5/19/2022,,Principle IT Agent
1872,6/12/2023,,Principle IT Agent
1634,5/30/2021,,Principle IT Agent
574,1/22/2021,,Junior IT Agent
667,2/22/2022,,Senior IT Agent
1826,7/10/2020,,Junior IT Agent
555,10/2/2020,,Senior IT Agent
1795,9/5/2021,,Principle IT Agent
922,11/19/2021,,Junior IT Agent
577,7/7/2021,,Junior IT Agent
1939,6/9/2021,,Senior IT Agent
334,1/21/2023,,Senior IT Agent
1827,5/5/2023,,Principle IT Agent
1083,11/4/2024,,Junior IT Agent
1811,3/11/2023,,Senior IT Agent
963,2/9/2024,,Senior IT Agent
21,1/10/2022,,Principle IT Agent
158,3/7/2021,,Junior IT Agent
1124,8/24/2024,,Junior IT Agent
684,7/8/2020,,Senior IT Agent
317,7/27/2020,,IT Agent Manager
823,8/24/2021,,IT Agent Manager
603,8/12/2023,,Senior IT Agent
1923,7/12/2024,,Principle IT Agent
788,7/28/2020,,IT Agent Manager
1501,8/20/2023,,Junior IT Agent
646,10/7/2021,,IT Agent Manager
1440,3/21/2024,,Junior IT Agent
914,11/21/2020,,Junior IT Agent
541,1/29/2023,,Junior IT Agent
877,11/30/2022,,Senior IT Agent
1259,5/4/2022,,Junior IT Agent
1344,5/9/2024,,Senior IT Agent
726,5/26/2020,,Junior IT Agent
898,11/1/2020,,Principle IT Agent
268,6/12/2024,,IT Agent Manager
1230,3/3/2022,,IT Agent Manager
1647,6/14/2023,,Junior IT Agent
1574,10/18/2023,,Principle IT Agent
128,6/7/2024,,IT Agent Manager
1394,2/13/2021,,Senior IT Agent
1728,1/3/2024,,Senior IT Agent
1707,6/8/2023,,IT Agent Manager
1833,4/3/2023,,IT Agent Manager
218,1/6/2020,,Junior IT Agent
998,5/6/2022,,IT Agent Manager
1703,6/24/2022,,Senior IT Agent
1240,6/19/2022,,IT Agent Manager
1276,12/15/2021,,Principle IT Agent
1553,9/30/2022,,Junior IT Agent
1068,2/14/2022,,Principle IT Agent
871,11/18/2020,,IT Agent Manager
1616,3/8/2020,,Senior IT Agent
1094,5/28/2021,,Senior IT Agent
1487,11/29/2023,,IT Agent Manager
452,4/6/2020,,IT Agent Manager
1151,4/22/2023,,IT Agent Manager
1721,1/10/2022,,Junior IT Agent
1161,9/5/2022,,Senior IT Agent
305,8/20/2021,,Senior IT Agent
259,9/22/2024,,IT Agent Manager
1041,4/15/2024,,Principle IT Agent
479,1/2/2024,,Senior IT Agent
102,11/26/2020,,Senior IT Agent
829,5/29/2022,,IT Agent Manager
1336,12/24/2022,,Junior IT Agent
1495,2/18/2022,,IT Agent Manager
1796,2/11/2024,,Junior IT Agent
1050,11/21/2021,,Senior IT Agent
1402,9/22/2021,,IT Agent Manager
1449,6/13/2024,,IT Agent Manager
534,11/10/2020,,Senior IT Agent
599,8/15/2021,,Senior IT Agent
1835,9/29/2022,,IT Agent Manager
771,7/22/2020,,Principle IT Agent
792,2/12/2021,,IT Agent Manager
1114,9/20/2021,,IT Agent Manager
61,11/26/2024,,Principle IT Agent
718,4/15/2024,,Junior IT Agent
1142,6/28/2022,,IT Agent Manager
117,9/27/2023,,IT Agent Manager
1885,12/12/2020,,Junior IT Agent
1369,6/6/2023,,IT Agent Manager
1696,2/2/2021,,Senior IT Agent
1682,1/22/2021,,Principle IT Agent
175,5/11/2020,,Senior IT Agent
1734,4/16/2020,,Principle IT Agent
1227,8/7/2024,,Principle IT Agent
1984,12/17/2023,,Principle IT Agent
1937,4/1/2021,,IT Agent Manager
330,7/26/2022,,Senior IT Agent
1878,9/26/2022,,IT Agent Manager
386,9/27/2022,,Senior IT Agent
1768,4/25/2024,,Principle IT Agent
918,12/30/2020,,Junior IT Agent
1897,6/5/2023,,Junior IT Agent
873,10/7/2023,,IT Agent Manager
501,10/30/2024,,IT Agent Manager
585,11/13/2023,,Principle IT Agent
396,9/29/2023,,Principle IT Agent
937,11/5/2022,,IT Agent Manager
1605,1/1/2022,,IT Agent Manager
970,8/2/2022,,Principle IT Agent
1463,1/20/2020,,Junior IT Agent
190,3/18/2024,,Junior IT Agent
153,9/6/2022,,IT Agent Manager
1530,12/24/2021,,IT Agent Manager
318,7/23/2024,,IT Agent Manager
643,11/7/2024,,Junior IT Agent
1334,8/8/2023,,Principle IT Agent
572,11/6/2020,,Junior IT Agent
1683,5/17/2021,,Principle IT Agent
1250,3/1/2024,,Senior IT Agent
1729,2/5/2020,,Junior IT Agent
32,8/2/2024,,IT Agent Manager
130,10/30/2020,,Junior IT Agent
1365,7/27/2022,,Senior IT Agent
641,4/19/2023,,Junior IT Agent
1187,1/10/2023,,Principle IT Agent
391,8/21/2022,,Principle IT Agent
600,12/12/2021,,Senior IT Agent
862,12/30/2020,,Junior IT Agent
1904,7/10/2022,,IT Agent Manager
576,4/8/2023,,IT Agent Manager
1751,2/6/2023,,Senior IT Agent
1740,11/27/2020,,Principle IT Agent
1567,4/12/2021,,IT Agent Manager
500,12/22/2024,,IT Agent Manager
804,12/15/2021,,Junior IT Agent
272,10/8/2020,,IT Agent Manager
886,11/1/2021,,Senior IT Agent
430,4/11/2023,,IT Agent Manager
55,4/12/2020,,IT Agent Manager
353,12/7/2021,,Senior IT Agent
1555,6/30/2020,,Senior IT Agent
1468,6/22/2024,,Senior IT Agent
1356,6/24/2023,,Senior IT Agent
1339,3/26/2023,,Senior IT Agent
984,9/7/2021,,Principle IT Agent
1841,4/3/2021,,Senior IT Agent
414,3/9/2021,,Principle IT Agent
495,12/28/2020,,Principle IT Agent
824,1/1/2024,,Senior IT Agent
1993,12/31/2024,,Senior IT Agent
442,1/24/2024,,Principle IT Agent
87,9/19/2020,,Principle IT Agent
278,1/23/2023,,Senior IT Agent
445,7/28/2024,,Principle IT Agent
444,2/19/2023,,Principle IT Agent
154,9/20/2024,,Senior IT Agent
1254,6/25/2020,,IT Agent Manager
254,7/25/2022,,Senior IT Agent
505,6/30/2023,,Senior IT Agent
244,4/19/2020,,Junior IT Agent
1866,10/19/2020,,Principle IT Agent
237,12/19/2024,,Junior IT Agent
348,2/7/2022,,Senior IT Agent
1253,1/23/2023,,IT Agent Manager
1748,11/26/2023,,Junior IT Agent
1704,12/13/2021,,IT Agent Manager
1582,2/10/2024,,Principle IT Agent
1133,7/30/2020,,Principle IT Agent
213,8/30/2020,,Senior IT Agent
1572,8/1/2021,,Principle IT Agent
754,6/8/2020,,Senior IT Agent
1383,5/5/2024,,IT Agent Manager
1587,6/8/2020,,IT Agent Manager
137,4/25/2021,,Principle IT Agent
223,12/17/2020,,Junior IT Agent
1552,9/14/2021,,Principle IT Agent
1990,3/20/2024,,Junior IT Agent
1912,8/18/2022,,Principle IT Agent
1936,8/18/2021,,Senior IT Agent
1327,8/15/2024,,Principle IT Agent
491,2/28/2024,,IT Agent Manager
592,10/26/2023,,Principle IT Agent
1911,10/24/2021,,Senior IT Agent
614,12/29/2023,,Principle IT Agent
365,8/4/2021,,Junior IT Agent
990,8/25/2023,,Senior IT Agent
665,11/24/2023,,Principle IT Agent
186,1/4/2024,,Principle IT Agent
1544,8/6/2020,,Senior IT Agent
425,11/13/2020,,IT Agent Manager
967,2/4/2023,,Junior IT Agent
394,2/21/2020,,Senior IT Agent
779,10/9/2024,,Principle IT Agent
1430,5/28/2022,,Junior IT Agent
1460,2/12/2024,,Senior IT Agent
399,2/7/2024,,Junior IT Agent
1051,11/4/2023,,Principle IT Agent
1444,3/5/2024,,Senior IT Agent
1231,11/10/2022,,Junior IT Agent
288,10/23/2021,,IT Agent Manager
657,12/11/2024,,Junior IT Agent
1209,12/23/2021,,Junior IT Agent
812,9/27/2023,,Principle IT Agent
1004,3/1/2020,,Principle IT Agent
1632,8/20/2024,,Principle IT Agent
1484,7/14/2021,,Senior IT Agent
509,4/17/2022,,IT Agent Manager
744,5/25/2023,,IT Agent Manager
1708,1/5/2022,,Principle IT Agent
1145,5/31/2022,,Junior IT Agent
1178,3/4/2020,,Junior IT Agent
1309,1/14/2024,,Senior IT Agent
1694,11/15/2020,,Senior IT Agent
1357,10/26/2023,,Senior IT Agent
866,5/7/2021,,Junior IT Agent
524,1/18/2023,,Principle IT Agent
354,4/14/2023,,IT Agent Manager
88,12/13/2022,,Principle IT Agent
1100,9/13/2021,,IT Agent Manager
1962,11/28/2022,,Junior IT Agent
925,2/6/2021,,IT Agent Manager
558,4/19/2022,,IT Agent Manager
1888,7/16/2023,,Senior IT Agent
1201,5/27/2024,,Senior IT Agent
553,11/3/2020,,IT Agent Manager
1032,2/18/2024,,IT Agent Manager
1155,3/12/2021,,Principle IT Agent
281,9/27/2023,,Principle IT Agent
1813,2/26/2023,,IT Agent Manager
982,8/11/2020,,Principle IT Agent
1127,7/13/2021,,Senior IT Agent
1637,8/25/2022,,IT Agent Manager
205,6/3/2023,,Senior IT Agent
1786,1/28/2023,,IT Agent Manager
115,8/29/2022,,Junior IT Agent
1134,3/17/2024,,Principle IT Agent
17,3/15/2020,,Principle IT Agent
1516,1/6/2020,,Senior IT Agent
198,12/12/2022,,Senior IT Agent
1065,1/17/2022,,Junior IT Agent
1126,3/23/2022,,IT Agent Manager
1015,1/7/2020,,Principle IT Agent
1194,6/10/2024,,Senior IT Agent
171,5/20/2023,,Principle IT Agent
173,11/23/2023,,Senior IT Agent
1799,5/31/2021,,IT Agent Manager
273,9/16/2021,,IT Agent Manager
382,12/27/2024,,Junior IT Agent
1909,11/3/2024,,Junior IT Agent
58,9/1/2020,,IT Agent Manager
1561,2/14/2023,,Senior IT Agent
1603,12/8/2023,,Senior IT Agent
1269,2/28/2022,,Principle IT Agent
100,8/27/2020,,Principle IT Agent
1169,9/8/2021,,Principle IT Agent
591,1/7/2020,,Junior IT Agent
1384,10/1/2024,,Senior IT Agent
312,1/29/2021,,IT Agent Manager
1589,9/6/2022,,IT Agent Manager
1273,11/15/2021,,IT Agent Manager
1229,7/16/2020,,Senior IT Agent
1420,9/21/2023,,Junior IT Agent
1627,11/11/2022,,Senior IT Agent
1760,12/20/2023,,Junior IT Agent
306,5/21/2023,,Principle IT Agent
1011,8/13/2023,,Senior IT Agent
1767,10/25/2024,,IT Agent Manager
1146,3/12/2024,,Senior IT Agent
1141,10/31/2020,,Senior IT Agent
570,2/19/2021,,Principle IT Agent
1994,12/12/2023,,Senior IT Agent
1557,1/2/2022,,Principle IT Agent
1001,3/14/2020,,Senior IT Agent
1513,2/15/2020,,Junior IT Agent
1191,1/19/2023,,Senior IT Agent
1853,8/14/2023,,Principle IT Agent
1246,3/24/2020,,IT Agent Manager
899,5/2/2020,,IT Agent Manager
374,10/22/2024,,Senior IT Agent
768,10/5/2020,,IT Agent Manager
631,5/4/2023,,Junior IT Agent
1376,7/17/2021,,IT Agent Manager
5,11/23/2021,,Senior IT Agent
703,8/6/2024,,IT Agent Manager
625,5/12/2021,,Junior IT Agent
1075,12/20/2024,,Principle IT Agent
1236,4/21/2020,,IT Agent Manager
803,3/19/2021,,Junior IT Agent
257,2/4/2021,,IT Agent Manager
1014,2/5/2024,,Junior IT Agent
1040,6/14/2020,,Senior IT Agent
789,4/10/2023,,Senior IT Agent
557,6/22/2021,,Principle IT Agent
1055,7/27/2024,,Senior IT Agent
605,9/29/2020,,Senior IT Agent
781,9/18/2024,,Principle IT Agent
189,5/9/2022,,Principle IT Agent
1798,3/24/2024,,Senior IT Agent
635,10/6/2023,,Junior IT Agent
151,11/29/2024,,Senior IT Agent
1896,3/24/2024,,Principle IT Agent
999,3/11/2020,,IT Agent Manager
465,5/29/2020,,Senior IT Agent
932,10/28/2021,,Junior IT Agent
1723,5/24/2023,,Principle IT Agent
316,10/10/2021,,Principle IT Agent
438,8/10/2020,,Junior IT Agent
596,11/4/2023,,Senior IT Agent
216,8/30/2021,,Principle IT Agent
604,7/1/2020,,IT Agent Manager
1562,9/5/2021,,Principle IT Agent
969,2/10/2023,,Principle IT Agent
1724,9/11/2021,,Senior IT Agent
706,9/13/2020,,Principle IT Agent
1618,12/2/2021,,IT Agent Manager
911,1/7/2022,,Senior IT Agent
1991,7/26/2022,,Senior IT Agent
1670,3/7/2024,,Junior IT Agent
1803,7/15/2023,,Principle IT Agent
1456,12/24/2024,,Principle IT Agent
1564,3/25/2021,,Principle IT Agent
785,10/16/2023,,Principle IT Agent
1193,1/28/2020,,Junior IT Agent
451,8/28/2020,,IT Agent Manager
214,1/11/2021,,Principle IT Agent
640,2/3/2023,,Junior IT Agent
583,9/12/2024,,Junior IT Agent
1908,10/15/2024,,Senior IT Agent
1389,7/3/2020,,Senior IT Agent
531,6/2/2021,,Principle IT Agent
713,4/4/2022,,Principle IT Agent
1979,3/25/2022,,Senior IT Agent
1805,2/14/2020,,Junior IT Agent
1197,5/10/2020,,Junior IT Agent
1271,4/26/2020,,Principle IT Agent
302,12/11/2022,,Principle IT Agent
516,8/20/2024,,Senior IT Agent
1779,12/7/2021,,Junior IT Agent
1300,2/27/2024,,Principle IT Agent
1515,1/13/2023,,IT Agent Manager
888,5/20/2021,,IT Agent Manager
907,10/15/2023,,IT Agent Manager
861,4/3/2023,,Junior IT Agent
929,9/28/2021,,Junior IT Agent
132,9/15/2021,,Principle IT Agent
632,11/12/2022,,Junior IT Agent
1465,4/30/2020,,Senior IT Agent
1069,7/20/2023,,IT Agent Manager
159,12/26/2021,,IT Agent Manager
1839,6/19/2021,,Junior IT Agent
466,10/19/2023,,Principle IT Agent
659,2/11/2020,,Principle IT Agent
1039,9/10/2023,,Junior IT Agent
47,5/30/2021,,IT Agent Manager
1472,11/19/2024,,IT Agent Manager
327,5/3/2023,,Principle IT Agent
806,10/23/2023,,IT Agent Manager
1671,5/7/2022,,Junior IT Agent
1563,11/16/2022,,Principle IT Agent
767,1/28/2023,,IT Agent Manager
1326,9/20/2024,,Senior IT Agent
141,3/22/2021,,Principle IT Agent
301,3/4/2020,,Senior IT Agent
135,6/10/2022,,Junior IT Agent
82,5/27/2022,,Principle IT Agent
571,3/16/2021,,Principle IT Agent
508,9/20/2021,,IT Agent Manager
1592,3/31/2022,,Junior IT Agent
552,2/23/2021,,Junior IT Agent
1208,11/3/2024,,Senior IT Agent
412,2/28/2024,,Junior IT Agent
138,3/11/2023,,Principle IT Agent
1179,1/9/2023,,Senior IT Agent
1157,4/12/2020,,IT Agent Manager
228,11/22/2024,,Senior IT Agent
839,10/12/2021,,Junior IT Agent
893,5/10/2020,,Senior IT Agent
1777,3/2/2023,,Senior IT Agent
1412,7/23/2023,,Principle IT Agent
1117,8/15/2023,,Junior IT Agent
828,7/16/2021,,Principle IT Agent
978,2/18/2022,,IT Agent Manager
1110,3/10/2021,,Senior IT Agent
782,4/27/2020,,Junior IT Agent
1967,5/31/2024,,Senior IT Agent
1525,9/3/2022,,Junior IT Agent
1510,6/10/2021,,IT Agent Manager
945,11/17/2024,,Junior IT Agent
1329,11/25/2020,,Principle IT Agent
1337,9/20/2022,,IT Agent Manager
335,9/11/2021,,IT Agent Manager
1131,3/16/2024,,Senior IT Agent
739,9/13/2021,,Senior IT Agent
1976,8/11/2024,,Senior IT Agent
182,12/5/2023,,IT Agent Manager
953,8/22/2024,,Senior IT Agent
1410,8/6/2024,,Principle IT Agent
1745,7/19/2021,,Junior IT Agent
1048,3/4/2024,,Junior IT Agent
1761,12/9/2024,,Senior IT Agent
1611,2/22/2021,,Principle IT Agent
1019,6/29/2023,,IT Agent Manager
1078,5/17/2020,,Junior IT Agent
532,10/7/2021,,Junior IT Agent
478,3/11/2023,,Junior IT Agent
99,5/16/2021,,Junior IT Agent
1436,12/26/2020,,Principle IT Agent
1947,2/21/2024,,Senior IT Agent
1899,3/31/2021,,Principle IT Agent
1422,5/24/2023,,Junior IT Agent
476,10/19/2020,,Junior IT Agent
1174,7/20/2022,,Senior IT Agent
974,8/19/2022,,Principle IT Agent
1995,6/14/2024,,Principle IT Agent
875,8/19/2021,,IT Agent Manager
483,11/4/2023,,Principle IT Agent
567,7/4/2021,,IT Agent Manager
807,11/15/2024,,IT Agent Manager
1164,5/28/2020,,Junior IT Agent
69,6/8/2024,,Senior IT Agent
523,1/27/2023,,Junior IT Agent
714,7/13/2023,,Junior IT Agent
454,10/11/2021,,Senior IT Agent
423,8/29/2023,,IT Agent Manager
1529,3/4/2021,,Senior IT Agent
620,9/30/2022,,Senior IT Agent
1578,12/19/2020,,Senior IT Agent
649,4/5/2020,,Senior IT Agent
961,3/19/2021,,Senior IT Agent
129,10/27/2021,,Senior IT Agent
1121,2/29/2020,,IT Agent Manager
1346,3/17/2022,,Principle IT Agent
1485,10/2/2021,,Senior IT Agent
401,1/22/2020,,Senior IT Agent
722,3/3/2024,,Senior IT Agent
1265,7/1/2021,,Principle IT Agent
515,8/3/2022,,Principle IT Agent
1390,9/24/2024,,Principle IT Agent
1022,11/20/2022,,Principle IT Agent
668,10/16/2022,,IT Agent Manager
469,4/28/2021,,Principle IT Agent
793,1/27/2022,,Senior IT Agent
1251,7/27/2023,,Principle IT Agent
1007,4/27/2023,,IT Agent Manager
727,9/20/2021,,Senior IT Agent
952,12/23/2022,,Junior IT Agent
1571,8/15/2021,,Junior IT Agent
428,10/30/2021,,IT Agent Manager
1699,9/8/2020,,Junior IT Agent
1536,7/25/2024,,Principle IT Agent
1482,12/5/2023,,Senior IT Agent
642,11/22/2022,,Senior IT Agent
1679,8/16/2021,,Senior IT Agent
1968,9/18/2023,,IT Agent Manager
1599,12/15/2020,,Junior IT Agent
1153,9/27/2024,,Senior IT Agent
1998,3/15/2022,,Senior IT Agent
1031,10/24/2022,,Principle IT Agent
1821,11/18/2020,,Junior IT Agent
1581,2/14/2021,,Junior IT Agent
676,11/21/2022,,Senior IT Agent
1097,1/2/2020,,IT Agent Manager
1893,10/17/2022,,Principle IT Agent
611,10/20/2023,,Principle IT Agent
1620,9/14/2024,,Junior IT Agent
587,9/27/2021,,Principle IT Agent
455,10/13/2024,,Senior IT Agent
863,4/21/2020,,Senior IT Agent
894,9/5/2021,,IT Agent Manager
1455,12/12/2020,,Senior IT Agent
843,10/2/2020,,Principle IT Agent
627,1/19/2022,,IT Agent Manager
889,3/1/2021,,Senior IT Agent
607,5/20/2024,,IT Agent Manager
1085,1/20/2023,,Junior IT Agent
671,10/13/2021,,Junior IT Agent
1521,3/28/2022,,IT Agent Manager
366,7/21/2023,,Principle IT Agent
1668,5/4/2021,,Junior IT Agent
54,3/5/2022,,IT Agent Manager
12,1/28/2021,,Senior IT Agent
279,7/16/2020,,IT Agent Manager
1352,5/8/2021,,Principle IT Agent
1999,1/31/2024,,IT Agent Manager
1476,4/25/2020,,Senior IT Agent
1929,12/15/2022,,Junior IT Agent
1508,7/21/2023,,Senior IT Agent
909,3/6/2023,,Senior IT Agent
1573,6/2/2020,,Junior IT Agent
1913,6/14/2021,,Junior IT Agent
72,1/7/2023,,Principle IT Agent
336,3/9/2021,,Principle IT Agent
340,4/14/2024,,IT Agent Manager
1262,9/2/2022,,Principle IT Agent
753,8/16/2023,,Senior IT Agent
759,12/21/2022,,Senior IT Agent
1624,8/12/2021,,Principle IT Agent
1772,7/8/2024,,IT Agent Manager
1806,8/7/2021,,Senior IT Agent
762,7/26/2022,,IT Agent Manager
1527,8/28/2020,,Principle IT Agent
1719,11/12/2022,,IT Agent Manager
184,4/13/2022,,Principle IT Agent
1765,12/28/2024,,Principle IT Agent
1056,7/19/2023,,Senior IT Agent
120,5/26/2020,,Senior IT Agent
1181,5/23/2024,,Senior IT Agent
1685,3/12/2021,,IT Agent Manager
91,12/17/2022,,Junior IT Agent
1451,2/20/2020,,Principle IT Agent
1176,3/8/2020,,Junior IT Agent
1753,12/4/2024,,IT Agent Manager
1560,5/10/2020,,Junior IT Agent
1712,1/20/2021,,Junior IT Agent
1686,12/2/2023,,Senior IT Agent
1865,10/27/2021,,IT Agent Manager
1354,4/28/2021,,Senior IT Agent
1266,1/21/2021,,Principle IT Agent
381,9/12/2020,,IT Agent Manager
1347,5/6/2021,,Senior IT Agent
1115,10/23/2023,,Principle IT Agent
1873,10/31/2021,,IT Agent Manager
484,3/3/2020,,Junior IT Agent
1249,11/6/2022,,Senior IT Agent
778,7/18/2023,,IT Agent Manager
424,2/20/2022,,Senior IT Agent
1008,8/26/2023,,Junior IT Agent
402,1/10/2022,,Principle IT Agent
1580,11/3/2024,,Senior IT Agent
1298,1/10/2023,,Senior IT Agent
1461,6/26/2020,,Principle IT Agent
411,4/20/2020,,Principle IT Agent
249,5/8/2020,,IT Agent Manager
1431,4/12/2020,,Principle IT Agent
7,7/27/2021,,Senior IT Agent
1531,10/21/2021,,Senior IT Agent
602,4/4/2021,,Junior IT Agent
1316,6/5/2023,,IT Agent Manager
1156,11/5/2020,,IT Agent Manager
1424,7/22/2024,,IT Agent Manager
1775,1/4/2020,,Principle IT Agent
1819,6/2/2020,,Principle IT Agent
1661,6/24/2024,,Principle IT Agent
482,1/25/2022,,IT Agent Manager
624,4/7/2024,,Junior IT Agent
1643,12/25/2020,,Junior IT Agent
933,9/2/2023,,Senior IT Agent
796,11/24/2020,,Principle IT Agent
404,8/3/2021,,Principle IT Agent
14,12/3/2023,,Junior IT Agent
836,3/5/2021,,Principle IT Agent
1212,2/18/2023,,IT Agent Manager
736,10/28/2024,,Senior IT Agent
931,12/5/2021,,Junior IT Agent
419,3/2/2022,,Junior IT Agent
155,9/29/2023,,IT Agent Manager
1101,5/25/2022,,Junior IT Agent
458,8/9/2023,,Principle IT Agent
196,6/6/2020,,IT Agent Manager
1108,8/3/2024,,Junior IT Agent
1771,8/27/2022,,Principle IT Agent
810,4/26/2020,,Senior IT Agent
343,11/14/2023,,Junior IT Agent
758,9/7/2021,,Principle IT Agent
1975,10/8/2024,,IT Agent Manager
1111,12/1/2020,,IT Agent Manager
1234,7/9/2023,,Junior IT Agent
44,9/15/2022,,Principle IT Agent
1350,2/27/2023,,Principle IT Agent
1625,1/31/2023,,Senior IT Agent
1736,2/11/2024,,Junior IT Agent
1666,8/27/2020,,Junior IT Agent
742,8/5/2023,,IT Agent Manager
1669,4/26/2022,,Principle IT Agent
1848,10/7/2021,,Senior IT Agent
80,2/17/2020,,Junior IT Agent
653,2/8/2024,,Junior IT Agent
192,12/6/2022,,IT Agent Manager
1189,1/20/2020,,Senior IT Agent
232,3/9/2023,,Senior IT Agent
95,7/27/2020,,Principle IT Agent
1223,11/2/2024,,Principle IT Agent
1528,12/22/2022,,Junior IT Agent
1367,6/17/2022,,IT Agent Manager
1600,1/17/2024,,Junior IT Agent
